Name,Email
Alice Johnson,alice.johnson@example.com
Bob Williams,bob.williams@example.com
Charlie Brown,c.brown@example.com
Diana Miller,diana.miller@example.com
Ethan Davis,ethan.davis@example.com
Fiona Wilson,fiona_w@example.com
George Moore,george.moore@example.com
Hannah Taylor,h.taylor@example.com
Isaac Anderson,isaac.anderson@example.com
Jasmine Thomas,jasmine.t@example.com
Kyle Jackson,kyle.jackson@example.com
Laura White,laura.white@example.com
Michael Harris,michael.harris@example.com
Nina Martin,nina.martin@example.com
Oscar Garcia,oscar.garcia@example.com
Penny Rodriguez,penny.rodriguez@example.com
Quentin Lewis,q.lewis@example.com
Rachel Clark,rachel.clark@example.com
Samuel King,samuel.king@example.com
Tracy Scott,tracy.scott@example.com
Umar Green,umar.green@example.com
Victoria Adams,victoria.adams@example.com
William Baker,william.baker@example.com
Xena Carter,xena.carter@example.com
Yusuf Hall,yusuf.hall@example.com
Zoe Walker,zoe.walker@example.com
Aaron Perez,aaron.perez@example.com
Bethany Sanchez,b.sanchez@example.com
Caleb Rivera,caleb.r@example.com
Daisy Torres,daisy.torres@example.com
Elias Flores,elias.flores@example.com
Freya Cooper,f.cooper@example.com
Gavin Bailey,gavin.bailey@example.com
Holly Bell,holly.bell@example.com
Ian Edwards,ian.edwards@example.com
Jenna Kelly,jenna.kelly@example.com
Kevin Price,kevin.price@example.com
Linda Young,linda.young@example.com
Marcus Wood,marcus.wood@example.com
Naomi Watson,naomi.watson@example.com
Owen Brooks,owen.brooks@example.com
Paige Simmons,paige.simmons@example.com
Ryan Roberts,ryan.roberts@example.com
Sara Hughes,sara.hughes@example.com
Tyler Murphy,t.murphy@example.com
Ursula Long,ursula.long@example.com
Victor Ross,victor.ross@example.com
Wendy Reed,wendy.reed@example.com
Xavier Cook,xavier.cook@example.com
Yara Morgan,yara.morgan@example.com
Zachary Cox,zachary.cox@example.com
Amy Howard,amy.howard@example.com
Ben Stewart,ben.stewart@example.com
Chloe Foster,chloe.foster@example.com
David Perry,david.perry@example.com